num_data,num_medoids,loss,misc_complexity,build_complexity,swap_complexity,number_of_swaps,cache_writes,cache_hits,cache_misses,total_complexity_without_misc,total_complexity_with_misc,total_complexity_with_caching,average_complexity_with_caching,average_runtime,total_swap_runtime,average_swap_runtime,total_runtime,loss_history
10000,5,7.902042388916016,73635207,8043380,236798445,4,0,0,0,244841825,318477032,318477032,63695406.4,13.228383016586305,66.14191508293152,16.53547877073288,66.14191508293152,
30000,5,0.0,245205112,25415393,854365401,5,0,0,0,879780794,1124985906,1124985906,187497651.0,38.91327170530955,233.4796302318573,46.69592604637146,233.4796302318573,
50000,5,7.835681438446045,356569535,41835506,1027032093,4,0,0,0,1068867599,1425437134,1425437134,285087426.8,59.69702310562134,298.4851155281067,74.62127888202667,298.4851155281067,
70000,5,7.846098899841309,374618824,55333882,1089626823,3,0,0,0,1144960705,1519579529,1519579529,379894882.25,82.77161568403244,331.08646273612976,110.36215424537659,331.08646273612976,
