num_data,num_medoids,loss,misc_complexity,build_complexity,swap_complexity,number_of_swaps,cache_writes,cache_hits,cache_misses,total_complexity_without_misc,total_complexity_with_misc,total_complexity_with_caching,average_complexity_with_caching,average_runtime,total_swap_runtime,average_swap_runtime,total_runtime,loss_history
10000,5,0.0,44616718,7489834,182605590,5,44706164,351297747,43568908,190095424,234712142,-116585605,-19430934.166666668,11.558006644248962,69.34803986549377,13.869607973098756,69.34803986549377,
30000,5,0.0,128931702,23197007,580227080,5,176491444,827315857,167431866,603424087,732355789,-94960068,-15826678.0,36.85051691532135,221.1031014919281,44.22062029838562,221.1031014919281,
10000,5,0.0,39203598,6324593,138485887,5,45814141,358806635,44264909,144810480,184014078,-174792557,-29132092.83333333,7.963137308756511,47.77882385253906,9.555764770507812,47.77882385253906,
30000,5,0.0,94137798,15686419,410280541,5,162487618,841179107,152275456,425966960,520104758,-321074349,-53512391.5,27.443854133288067,164.6631247997284,32.93262495994568,164.6631247997284,
50000,5,7.842392444610596,196665502,28379567,680403683,5,300753717,1612367062,290554464,708783250,905448752,-706918310,-117819718.33333333,38.72903859615326,232.37423157691956,46.474846315383914,232.37423157691956,
