num_swaps,num_data,num_medoids,loss
0,50000,10,11.27101993560791
1,50000,10,11.259199142456055
2,50000,10,11.249871253967285
3,50000,10,11.243692398071289
4,50000,10,11.243024826049805
5,50000,10,11.243024826049805
6,50000,10,11.243024826049805
7,50000,10,11.243024826049805
8,50000,10,11.243024826049805
9,50000,10,11.243024826049805
