num_data,num_medoids,loss,misc_complexity,build_complexity,swap_complexity,number_of_swaps,cache_writes,cache_hits,cache_misses,total_complexity_without_misc,total_complexity_with_misc,total_complexity_with_caching,average_complexity_with_caching,average_runtime,total_runtime
10000,10,11.34836769104004,380045231,11503555,1486775223,80,0,0,0,1498278778,1878324009,1878324009,18355249.666666668,15.585546561229377,1262.4292714595797
23333,10,11.26337432861328,443292790,24611929,1899268986,40,0,0,0,1923880915,2367173705,2367173705,46323633.80487805,39.109334102491054,1603.4826982021332
36666,10,11.280184745788574,564383066,37698700,3262492282,32,0,0,0,3300190982,3864574048,3864574048,98863402.48484848,79.38758392044993,2619.7902693748474
50000,10,11.241371154785156,990896830,52634895,3671741611,42,0,0,0,3724376506,4715273336,4715273336,85389339.79069768,75.27794760327006,3236.951746940613
