num_data,num_medoids,loss,misc_complexity,build_complexity,swap_complexity,number_of_swaps,cache_writes,cache_hits,cache_misses,total_complexity_without_misc,total_complexity_with_misc,total_complexity_with_caching,average_complexity_with_caching,average_runtime,total_runtime
10000,10,11.3661470413208,194950268,10807260,870425243,40,0,0,0,881232503,1076182771,1076182771,21229883.97560976,17.642387960015274,723.3379063606262
23333,10,11.279802322387695,363625201,25648895,1451601569,32,0,0,0,1477250464,1840875665,1840875665,43987926.333333336,37.69464238484701,1243.9231986999512
36666,10,11.21329402923584,564583627,39137380,2491964836,32,0,0,0,2531102216,3095685843,3095685843,75514085.93939394,63.77272103772019,2104.4997942447662
50000,10,11.251946449279785,580726342,52725521,2357898777,24,0,0,0,2410624298,2991350640,2991350640,94315951.08,82.73860841751099,2068.4652104377747
