num_data,num_medoids,loss,misc_complexity,build_complexity,swap_complexity,number_of_swaps,cache_writes,cache_hits,cache_misses,total_complexity_without_misc,total_complexity_with_misc,total_complexity_with_caching,average_complexity_with_caching,average_runtime,total_runtime
10000,10,11.336373329162598,316936230,36814068,98848341,4,0,0,0,135662409,452598639,452598639,90519727.8,25.519479608535768,127.59739804267883
23333,10,11.302398681640623,581960442,85275688,187023997,3,0,0,0,272299685,854260127,854260127,213565031.75,61.02609205245972,244.10436820983887
36666,10,11.26389503479004,1812791484,130808292,747254985,7,0,0,0,878063277,2690854761,2690854761,336356845.125,96.62674063444138,773.013925075531
50000,10,11.235939979553224,1871047469,181066216,830490474,5,0,0,0,1011556690,2882604159,2882604159,480434026.5,136.3103071451187,817.8618428707123