num_data,num_medoids,loss,misc_complexity,build_complexity,swap_complexity,number_of_swaps,cache_writes,cache_hits,cache_misses,total_complexity_without_misc,total_complexity_with_misc,total_complexity_with_caching,average_complexity_with_caching,average_runtime,total_runtime
10000,10,11.32785415649414,71855474,7551742,433833384,28,9476208,401942259,176127091,441385126,513240600,111298341,14959771.862068966,5.487670997093463,159.14245891571045
23333,10,11.217325210571287,164144101,16864438,736985111,26,21858010,792282524,232859844,753849549,917993650,125711126,27295744.85185185,9.030049288714372,243.8113307952881
36666,10,11.266583442687988,337981522,27953349,2020727367,36,34572476,1953937287,732803229,2048680716,2386662238,432724951,54614253.16216216,18.90179560635541,699.3664374351501
50000,10,11.24331283569336,385360348,38213242,2532677965,28,47176514,2100083097,1163872440,2570891207,2956251555,856168458,87333722.93103448,36.670534249009755,1063.445493221283
