num_data,num_medoids,loss,misc_complexity,build_complexity,swap_complexity,number_of_swaps,cache_writes,cache_hits,cache_misses,total_complexity_without_misc,total_complexity_with_misc,total_complexity_with_caching,average_complexity_with_caching,average_runtime,total_runtime
10000,10,11.330618858337402,73675259,11130234,137070357,7,0,0,0,148200591,221875850,221875850,17133794.625,19.7250557243824,157.8004457950592
23333,10,11.217325210571287,211918183,26056947,338409072,9,0,0,0,364466019,576384202,576384202,33840907.2,41.81491487026214,418.1491487026215
36666,10,11.266583442687988,398273751,36719313,470594825,11,0,0,0,507314138,905587889,905587889,39216235.41666666,56.05333920319875,672.640070438385
50000,10,11.24663257598877,589833699,53092554,793957687,12,0,0,0,847050241,1436883940,1436883940,61073668.23076923,84.19057706686166,1094.4775018692017
