num_data,num_medoids,loss,misc_complexity,build_complexity,swap_complexity,number_of_swaps,cache_writes,cache_hits,cache_misses,total_complexity_without_misc,total_complexity_with_misc,total_complexity_with_caching,average_complexity_with_caching,average_runtime,total_runtime
10000,10,11.35096549987793,101516557,10914741,196337523,10,0,0,0,207252264,308768821,308768821,17848865.727272727,19.99900577285073,219.98906350135803
23333,10,11.273062705993652,254196197,24913505,391024096,11,0,0,0,415937601,670133798,670133798,32585341.33333333,40.2547812461853,483.0573749542236
36666,10,11.22548484802246,424884876,38853440,737844253,12,0,0,0,776697693,1201582569,1201582569,56757250.23076923,68.6035459775191,891.8460977077484
50000,10,11.213189125061035,444539835,53056045,684066908,9,0,0,0,737122953,1181662788,1181662788,68406690.8,89.02391946315765,890.2391946315765
