num_data,num_medoids,loss,misc_complexity,build_complexity,swap_complexity,number_of_swaps,cache_writes,cache_hits,cache_misses,total_complexity_without_misc,total_complexity_with_misc,total_complexity_with_caching,average_complexity_with_caching,average_runtime,total_runtime
10000,10,11.342903137207031,223044134,10679630,1001047345,46,0,0,0,1011726975,1234771109,1234771109,21298879.680851065,17.711240996705726,832.4283268451691
23333,10,11.274836540222168,385593367,25557548,1574844911,34,0,0,0,1600402459,1985995826,1985995826,44995568.885714285,38.25888033594404,1339.0608117580414
36666,10,11.204422950744627,633435554,40127190,2127508682,36,0,0,0,2167635872,2801071426,2801071426,57500234.64864865,51.514533171782624,1906.037727355957
50000,10,11.197565078735352,911095248,51771837,3916411374,38,0,0,0,3968183211,4879278459,4879278459,100420804.46153846,85.44569206237793,3332.3819904327393
